rank,file,t_sec,score,U,A,D,n_boxes,n_ambiguous,empty,selected
1,frame_0002.jpg,0.8,0.8036,0.7572,0.75,1.0,7,6,False,True
2,frame_0291.jpg,116.4,0.7964,0.6568,1.0,0.84,8,8,False,True
3,frame_0074.jpg,29.6,0.7927,0.8104,0.625,1.0,8,5,False,True
4,frame_0030.jpg,12.0,0.7564,0.5877,0.875,1.0,7,7,False,True
5,frame_0276.jpg,110.4,0.7292,0.9124,0.75,0.24,9,6,False,True
6,frame_0130.jpg,52.0,0.727,0.8609,0.375,0.92,3,3,False,True
7,frame_0116.jpg,46.4,0.7111,0.6782,1.0,0.36,9,8,False,True
8,frame_0072.jpg,28.8,0.7098,0.7195,0.5,1.0,7,4,False,False
9,frame_0000.jpg,0.0,0.6966,0.6181,0.625,1.0,7,5,False,False
10,frame_0031.jpg,12.4,0.6919,0.6838,0.5,1.0,9,4,False,False
11,frame_0005.jpg,2.0,0.6905,0.606,0.625,1.0,7,5,False,False
12,frame_0033.jpg,13.2,0.6905,0.6809,0.5,1.0,7,4,False,False
13,frame_0318.jpg,127.2,0.6895,0.8331,0.75,0.24,7,6,False,True
14,frame_0377.jpg,150.8,0.6894,0.8058,0.875,0.12,10,7,False,True
15,frame_0328.jpg,131.2,0.6861,0.8152,0.875,0.08,11,7,False,True
16,frame_0007.jpg,2.8,0.6835,0.742,0.375,1.0,5,3,False,False
17,frame_0073.jpg,29.2,0.6758,0.7265,0.375,1.0,8,3,False,False
18,frame_0069.jpg,27.6,0.6755,0.651,0.5,1.0,6,4,False,True
19,frame_0114.jpg,45.6,0.6755,0.789,0.75,0.28,7,6,False,False
20,frame_0071.jpg,28.4,0.6739,0.6478,0.5,1.0,6,4,False,False
21,frame_0230.jpg,92.0,0.6654,0.8328,0.75,0.12,11,6,False,True
22,frame_0067.jpg,26.8,0.6648,0.6297,0.5,1.0,7,4,False,False
23,frame_0368.jpg,147.2,0.6607,0.7805,0.875,0.04,9,7,False,False
24,frame_0012.jpg,4.8,0.6558,0.6866,0.375,1.0,4,3,False,False
25,frame_0387.jpg,154.8,0.6556,0.7812,0.75,0.2,10,6,False,False
26,frame_0001.jpg,0.4,0.6546,0.6092,0.5,1.0,9,4,False,False
27,frame_0089.jpg,35.6,0.6539,0.6978,0.75,0.4,6,6,False,False
28,frame_0294.jpg,117.6,0.6474,0.7068,0.5,0.72,5,4,False,False
29,frame_0004.jpg,1.6,0.6472,0.6695,0.375,1.0,6,3,False,False
30,frame_0379.jpg,151.6,0.6463,0.7516,0.875,0.04,10,7,False,False
31,frame_0397.jpg,158.8,0.6431,0.9063,0.5,0.2,9,4,False,False
32,frame_0021.jpg,8.4,0.6419,0.5088,0.625,1.0,6,5,False,False
33,frame_0079.jpg,31.6,0.6371,0.5791,0.625,0.8,8,5,False,False
34,frame_0292.jpg,116.8,0.6359,0.8018,0.25,0.8,9,2,False,False
35,frame_0274.jpg,109.6,0.6322,0.8255,0.625,0.16,7,5,False,False
36,frame_0080.jpg,32.0,0.6262,0.6484,0.5,0.76,7,4,False,False
37,frame_0077.jpg,30.8,0.6258,0.6745,0.375,0.88,7,3,False,False
38,frame_0384.jpg,153.6,0.6244,0.8099,0.625,0.16,7,5,False,False
39,frame_0013.jpg,5.2,0.6207,0.6164,0.375,1.0,4,3,False,False
40,frame_0003.jpg,1.2,0.6195,0.539,0.5,1.0,8,4,False,False
41,frame_0018.jpg,7.2,0.6193,0.6135,0.375,1.0,5,3,False,False
42,frame_0016.jpg,6.4,0.6184,0.5369,0.5,1.0,6,4,False,False
43,frame_0284.jpg,113.6,0.6153,0.7817,0.375,0.56,5,3,False,False
44,frame_0378.jpg,151.2,0.613,0.744,0.75,0.08,10,6,False,False
45,frame_0020.jpg,8.0,0.6098,0.5945,0.375,1.0,3,3,False,False
46,frame_0288.jpg,115.2,0.6074,0.7018,0.375,0.72,7,3,False,False
47,frame_0278.jpg,111.2,0.6068,0.6356,0.75,0.32,8,6,False,False
48,frame_0321.jpg,128.4,0.6066,0.7582,0.625,0.2,8,5,False,False
49,frame_0386.jpg,154.4,0.6058,0.8155,0.5,0.24,10,4,False,False
50,frame_0186.jpg,74.4,0.6047,0.6683,0.875,0.04,10,7,False,False
51,frame_0295.jpg,118.0,0.6043,0.6366,0.5,0.68,6,4,False,False
52,frame_0029.jpg,11.6,0.603,0.581,0.375,1.0,4,3,False,False
53,frame_0231.jpg,92.4,0.5998,0.6107,0.875,0.16,9,7,False,False
54,frame_0293.jpg,117.2,0.5995,0.6699,0.375,0.76,5,3,False,False
55,frame_0287.jpg,114.8,0.5988,0.6255,0.5,0.68,7,4,False,False
56,frame_0075.jpg,30.0,0.5967,0.5843,0.375,0.96,7,3,False,False
57,frame_0396.jpg,158.4,0.5949,0.7507,0.625,0.16,10,5,False,False
58,frame_0301.jpg,120.4,0.5943,0.7876,0.375,0.44,8,3,False,False
59,frame_0167.jpg,66.8,0.5933,0.7216,0.375,0.6,6,3,False,False
60,frame_0307.jpg,122.8,0.5883,0.7216,0.625,0.2,10,5,False,False
61,frame_0277.jpg,110.8,0.5842,0.6814,0.625,0.28,8,5,False,False
62,frame_0070.jpg,28.0,0.5835,0.6919,0.125,1.0,7,1,False,False
63,frame_0011.jpg,4.4,0.582,0.6891,0.125,1.0,3,1,False,False
64,frame_0201.jpg,80.4,0.5816,0.6392,0.5,0.56,4,4,False,False
65,frame_0129.jpg,51.6,0.5785,0.505,0.5,0.88,6,4,False,False
66,frame_0125.jpg,50.0,0.5776,0.6422,0.375,0.72,5,3,False,False
67,frame_0081.jpg,32.4,0.576,0.4891,0.625,0.72,6,5,False,False
68,frame_0376.jpg,150.4,0.5753,0.8616,0.375,0.16,7,3,False,False
69,frame_0374.jpg,149.6,0.575,0.695,0.625,0.2,9,5,False,False
70,frame_0332.jpg,132.8,0.5746,0.7582,0.625,0.04,8,5,False,False
71,frame_0177.jpg,70.8,0.5698,0.6846,0.625,0.2,8,5,False,False
72,frame_0388.jpg,155.2,0.5696,0.7003,0.625,0.16,11,5,False,False
73,frame_0009.jpg,3.6,0.5675,0.5849,0.25,1.0,3,2,False,False
74,frame_0317.jpg,126.8,0.5673,0.7545,0.5,0.2,8,4,False,False
75,frame_0126.jpg,50.4,0.5651,0.6761,0.25,0.76,8,2,False,False
76,frame_0105.jpg,42.0,0.5648,0.7976,0.5,0.08,6,4,False,False
77,frame_0006.jpg,2.4,0.5645,0.504,0.375,1.0,5,3,False,False
78,frame_0275.jpg,110.0,0.564,0.748,0.5,0.2,7,4,False,False
79,frame_0188.jpg,75.2,0.5622,0.6585,0.75,0.04,10,6,False,False
80,frame_0299.jpg,119.6,0.5598,0.6116,0.5,0.52,7,4,False,False
81,frame_0389.jpg,155.6,0.5564,0.7647,0.5,0.12,9,4,False,False
82,frame_0095.jpg,38.0,0.5552,0.7463,0.5,0.16,6,4,False,False
83,frame_0200.jpg,80.0,0.5523,0.7465,0.25,0.52,2,2,False,False
84,frame_0115.jpg,46.0,0.5519,0.6008,0.625,0.32,7,5,False,False
85,frame_0367.jpg,146.8,0.5518,0.7716,0.5,0.08,8,4,False,False
86,frame_0032.jpg,12.8,0.5507,0.4763,0.375,1.0,6,3,False,False
87,frame_0375.jpg,150.0,0.5493,0.7186,0.5,0.2,8,4,False,False
88,frame_0076.jpg,30.4,0.5485,0.5041,0.375,0.92,8,3,False,False
89,frame_0176.jpg,70.4,0.5479,0.6247,0.625,0.24,7,5,False,False
90,frame_0086.jpg,34.4,0.5468,0.6606,0.375,0.52,4,3,False,False
91,frame_0193.jpg,77.2,0.5453,0.6195,0.625,0.24,7,5,False,False
92,frame_0300.jpg,120.0,0.5443,0.6716,0.375,0.48,8,3,False,False
93,frame_0170.jpg,68.0,0.5435,0.67,0.375,0.48,6,3,False,False
94,frame_0078.jpg,31.2,0.5421,0.5232,0.375,0.84,6,3,False,False
95,frame_0169.jpg,67.6,0.5405,0.723,0.25,0.52,8,2,False,False
96,frame_0014.jpg,5.6,0.5359,0.5218,0.25,1.0,5,2,False,False
97,frame_0398.jpg,159.2,0.5357,0.6004,0.625,0.24,10,5,False,False
98,frame_0026.jpg,10.4,0.5353,0.4455,0.375,1.0,3,3,False,False
99,frame_0210.jpg,84.0,0.5349,0.6478,0.25,0.68,4,2,False,False
100,frame_0209.jpg,83.6,0.5328,0.7027,0.125,0.72,3,1,False,False
101,frame_0302.jpg,120.8,0.5319,0.6789,0.375,0.4,7,3,False,False
102,frame_0298.jpg,119.2,0.5302,0.6114,0.375,0.56,6,3,False,False
103,frame_0128.jpg,51.2,0.5296,0.4982,0.375,0.84,6,3,False,False
104,frame_0304.jpg,121.6,0.5221,0.6912,0.375,0.32,7,3,False,False
105,frame_0132.jpg,52.8,0.5219,0.4188,0.375,1.0,5,3,False,False
106,frame_0395.jpg,158.0,0.5208,0.6186,0.625,0.12,8,5,False,False
107,frame_0096.jpg,38.4,0.52,0.6169,0.625,0.12,7,5,False,False
108,frame_0285.jpg,114.0,0.52,0.65,0.25,0.6,5,2,False,False
109,frame_0124.jpg,49.6,0.5187,0.4654,0.5,0.68,7,4,False,False
110,frame_0296.jpg,118.4,0.5183,0.5556,0.375,0.64,4,3,False,False
111,frame_0327.jpg,130.8,0.5179,0.5698,0.75,0.04,9,6,False,False
112,frame_0286.jpg,114.4,0.5165,0.627,0.25,0.64,8,2,False,False
113,frame_0127.jpg,50.8,0.5162,0.5623,0.25,0.8,6,2,False,False
114,frame_0305.jpg,122.0,0.5161,0.6201,0.5,0.28,5,4,False,False
115,frame_0319.jpg,127.6,0.5156,0.6941,0.375,0.28,7,3,False,False
116,frame_0290.jpg,116.0,0.5132,0.4814,0.375,0.8,7,3,False,False
117,frame_0206.jpg,82.4,0.5128,0.4965,0.375,0.76,4,3,False,False
118,frame_0175.jpg,70.0,0.5099,0.6827,0.375,0.28,7,3,False,False
119,frame_0008.jpg,3.2,0.5097,0.5444,0.125,1.0,4,1,False,False
120,frame_0120.jpg,48.0,0.508,0.658,0.25,0.52,5,2,False,False
121,frame_0173.jpg,69.2,0.5062,0.5684,0.5,0.36,6,4,False,False
122,frame_0123.jpg,49.2,0.5061,0.5312,0.375,0.64,7,3,False,False
123,frame_0113.jpg,45.2,0.506,0.691,0.375,0.24,7,3,False,False
124,frame_0183.jpg,73.2,0.5057,0.8453,0.25,0.04,4,2,False,False
125,frame_0373.jpg,149.2,0.5052,0.6465,0.5,0.16,11,4,False,False
126,frame_0320.jpg,128.0,0.5046,0.7632,0.25,0.24,7,2,False,False
127,frame_0122.jpg,48.8,0.5035,0.5421,0.375,0.6,5,3,False,False
128,frame_0106.jpg,42.4,0.5004,0.6848,0.5,0.04,7,4,False,False
129,frame_0068.jpg,27.2,0.4986,0.3722,0.375,1.0,8,3,False,False
130,frame_0133.jpg,53.2,0.4965,0.443,0.25,1.0,9,2,False,False
131,frame_0229.jpg,91.6,0.4955,0.5839,0.625,0.08,9,5,False,False
132,frame_0168.jpg,67.2,0.4942,0.6144,0.25,0.56,6,2,False,False
133,frame_0178.jpg,71.2,0.4873,0.6856,0.375,0.16,7,3,False,False
134,frame_0303.jpg,121.2,0.487,0.6051,0.375,0.36,7,3,False,False
135,frame_0117.jpg,46.8,0.4865,0.513,0.5,0.4,7,4,False,False
136,frame_0010.jpg,4.0,0.4864,0.4979,0.125,1.0,3,1,False,False
137,frame_0119.jpg,47.6,0.4863,0.4807,0.5,0.48,4,4,False,False
138,frame_0268.jpg,107.2,0.4859,0.5647,0.625,0.08,7,5,False,False
139,frame_0131.jpg,52.4,0.4853,0.4366,0.25,0.96,5,2,False,False
140,frame_0322.jpg,128.8,0.4839,0.6787,0.375,0.16,7,3,False,False
141,frame_0308.jpg,123.2,0.4821,0.5253,0.625,0.16,6,5,False,False
142,frame_0098.jpg,39.2,0.4758,0.6357,0.5,0.04,6,4,False,False
143,frame_0017.jpg,6.8,0.4755,0.401,0.25,1.0,7,2,False,False
144,frame_0232.jpg,92.8,0.4702,0.5603,0.5,0.2,6,4,False,False
145,frame_0381.jpg,152.4,0.4702,0.5494,0.625,0.04,7,5,False,False
146,frame_0383.jpg,153.2,0.4687,0.5893,0.5,0.12,7,4,False,False
147,frame_0184.jpg,73.6,0.4684,0.6798,0.375,0.08,6,3,False,False
148,frame_0202.jpg,80.8,0.4644,0.4638,0.375,0.6,5,3,False,False
149,frame_0207.jpg,82.8,0.4643,0.3835,0.375,0.8,4,3,False,False
150,frame_0204.jpg,81.6,0.4642,0.5065,0.25,0.68,3,2,False,False
151,frame_0212.jpg,84.8,0.4638,0.5376,0.25,0.6,2,2,False,False
152,frame_0333.jpg,133.2,0.4638,0.7456,0.25,0.08,9,2,False,False
153,frame_0189.jpg,75.6,0.4635,0.6699,0.375,0.08,4,3,False,False
154,frame_0203.jpg,81.2,0.46,0.4391,0.375,0.64,4,3,False,False
155,frame_0015.jpg,6.0,0.4567,0.4384,0.125,1.0,5,1,False,False
156,frame_0280.jpg,112.0,0.4554,0.5258,0.375,0.4,6,3,False,False
157,frame_0306.jpg,122.4,0.4527,0.7345,0.125,0.24,6,1,False,False
158,frame_0019.jpg,7.6,0.4509,0.4267,0.125,1.0,3,1,False,False
159,frame_0185.jpg,74.0,0.4496,0.5672,0.5,0.08,10,4,False,False
160,frame_0385.jpg,154.0,0.4492,0.5184,0.5,0.2,10,4,False,False
161,frame_0283.jpg,113.2,0.4489,0.5398,0.25,0.52,5,2,False,False
162,frame_0315.jpg,126.0,0.4481,0.4731,0.625,0.12,8,5,False,False
163,frame_0088.jpg,35.2,0.4478,0.4945,0.375,0.44,5,3,False,False
164,frame_0228.jpg,91.2,0.4473,0.5786,0.5,0.04,6,4,False,False
165,frame_0090.jpg,36.0,0.4471,0.5252,0.375,0.36,6,3,False,False
166,frame_0316.jpg,126.4,0.446,0.528,0.5,0.16,8,4,False,False
167,frame_0370.jpg,148.0,0.4428,0.4946,0.625,0.04,9,5,False,False
168,frame_0084.jpg,33.6,0.4422,0.4945,0.25,0.6,3,2,False,False
169,frame_0329.jpg,131.6,0.4411,0.6252,0.375,0.08,11,3,False,False
170,frame_0213.jpg,85.2,0.441,0.433,0.375,0.56,4,3,False,False
171,frame_0215.jpg,86.0,0.4405,0.539,0.25,0.48,4,2,False,False
172,frame_0311.jpg,124.4,0.4346,0.5533,0.5,0.04,5,4,False,False
173,frame_0104.jpg,41.6,0.4328,0.6676,0.25,0.12,4,2,False,False
174,frame_0024.jpg,9.6,0.4305,0.386,0.125,1.0,3,1,False,False
175,frame_0199.jpg,79.6,0.4289,0.5157,0.25,0.48,2,2,False,False
176,frame_0216.jpg,86.4,0.4286,0.5311,0.25,0.44,4,2,False,False
177,frame_0028.jpg,11.2,0.4269,0.3037,0.25,1.0,5,2,False,False
178,frame_0219.jpg,87.6,0.4264,0.4998,0.375,0.32,4,3,False,False
179,frame_0297.jpg,118.8,0.4254,0.5358,0.125,0.6,7,1,False,False
180,frame_0314.jpg,125.6,0.4249,0.5177,0.5,0.08,5,4,False,False
181,frame_0390.jpg,156.0,0.4242,0.5914,0.375,0.08,8,3,False,False
182,frame_0087.jpg,34.8,0.4224,0.5779,0.125,0.48,4,1,False,False
183,frame_0172.jpg,68.8,0.4201,0.4553,0.375,0.4,7,3,False,False
184,frame_0121.jpg,48.4,0.419,0.4639,0.25,0.56,4,2,False,False
185,frame_0023.jpg,9.2,0.4148,0.2796,0.25,1.0,4,2,False,False
186,frame_0281.jpg,112.4,0.4143,0.5025,0.25,0.44,5,2,False,False
187,frame_0103.jpg,41.2,0.4142,0.5393,0.375,0.16,5,3,False,False
188,frame_0226.jpg,90.4,0.4138,0.5116,0.5,0.04,7,4,False,False
189,frame_0218.jpg,87.2,0.4124,0.6058,0.125,0.36,3,1,False,False
190,frame_0027.jpg,10.8,0.4115,0.348,0.125,1.0,6,1,False,False
191,frame_0208.jpg,83.2,0.4075,0.361,0.25,0.76,5,2,False,False
192,frame_0233.jpg,93.2,0.4068,0.5676,0.25,0.24,6,2,False,False
193,frame_0330.jpg,132.0,0.4032,0.5653,0.375,0.04,10,3,False,False
194,frame_0025.jpg,10.0,0.4031,0.3311,0.125,1.0,3,1,False,False
195,frame_0097.jpg,38.8,0.4017,0.5464,0.375,0.08,7,3,False,False
196,frame_0094.jpg,37.6,0.4012,0.4974,0.375,0.2,6,3,False,False
197,frame_0289.jpg,115.6,0.3984,0.4928,0.0,0.76,5,0,False,False
198,frame_0225.jpg,90.0,0.394,0.531,0.375,0.08,7,3,False,False
199,frame_0279.jpg,111.6,0.3916,0.4892,0.25,0.36,6,2,False,False
200,frame_0108.jpg,43.2,0.3906,0.5403,0.375,0.04,8,3,False,False
201,frame_0083.jpg,33.2,0.3885,0.3709,0.25,0.64,4,2,False,False
202,frame_0112.jpg,44.8,0.3856,0.5411,0.25,0.2,5,2,False,False
203,frame_0174.jpg,69.6,0.3848,0.4916,0.25,0.32,7,2,False,False
204,frame_0111.jpg,44.4,0.3824,0.5509,0.25,0.16,4,2,False,False
205,frame_0205.jpg,82.0,0.3824,0.3268,0.25,0.72,4,2,False,False
206,frame_0171.jpg,68.4,0.3805,0.4349,0.25,0.44,9,2,False,False
207,frame_0269.jpg,107.6,0.3772,0.5135,0.375,0.04,7,3,False,False
208,frame_0180.jpg,72.0,0.3757,0.4194,0.5,0.08,8,4,False,False
209,frame_0194.jpg,77.6,0.3755,0.4139,0.375,0.28,6,3,False,False
210,frame_0393.jpg,157.2,0.3676,0.4192,0.5,0.04,6,4,False,False
211,frame_0267.jpg,106.8,0.366,0.459,0.375,0.12,6,3,False,False
212,frame_0092.jpg,36.8,0.3644,0.4669,0.25,0.28,4,2,False,False
213,frame_0222.jpg,88.8,0.364,0.4231,0.375,0.2,5,3,False,False
214,frame_0195.jpg,78.0,0.3582,0.4384,0.25,0.32,4,2,False,False
215,frame_0391.jpg,156.4,0.3581,0.4752,0.375,0.04,10,3,False,False
216,frame_0191.jpg,76.4,0.3515,0.4889,0.25,0.16,8,2,False,False
217,frame_0179.jpg,71.6,0.3499,0.5017,0.25,0.12,9,2,False,False
218,frame_0371.jpg,148.4,0.348,0.439,0.375,0.08,8,3,False,False
219,frame_0309.jpg,123.6,0.3469,0.4958,0.25,0.12,8,2,False,False
220,frame_0091.jpg,36.4,0.3455,0.413,0.25,0.32,6,2,False,False
221,frame_0109.jpg,43.6,0.3435,0.43,0.375,0.08,7,3,False,False
222,frame_0211.jpg,84.4,0.3416,0.3521,0.125,0.64,3,1,False,False
223,frame_0118.jpg,47.2,0.338,0.35,0.25,0.44,6,2,False,False
224,frame_0223.jpg,89.2,0.3319,0.4499,0.25,0.16,6,2,False,False
225,frame_0273.jpg,109.2,0.3303,0.4625,0.25,0.12,7,2,False,False
226,frame_0082.jpg,32.8,0.328,0.309,0.125,0.68,5,1,False,False
227,frame_0197.jpg,78.8,0.3238,0.4126,0.125,0.4,1,1,False,False
228,frame_0022.jpg,8.8,0.3235,0.247,0.0,1.0,5,0,False,False
229,frame_0282.jpg,112.8,0.3225,0.453,0.0,0.48,6,0,False,False
230,frame_0324.jpg,129.6,0.3207,0.3845,0.375,0.08,6,3,False,False
231,frame_0085.jpg,34.0,0.3203,0.3416,0.125,0.56,3,1,False,False
232,frame_0100.jpg,40.0,0.3199,0.5488,0.125,0.04,6,1,False,False
233,frame_0220.jpg,88.0,0.3189,0.3758,0.25,0.28,5,2,False,False
234,frame_0325.jpg,130.0,0.3182,0.4705,0.25,0.04,6,2,False,False
235,frame_0196.jpg,78.4,0.3151,0.4862,0.0,0.36,3,0,False,False
236,frame_0271.jpg,108.4,0.3151,0.4642,0.25,0.04,5,2,False,False
237,frame_0394.jpg,157.6,0.3099,0.4378,0.25,0.08,7,2,False,False
238,frame_0181.jpg,72.4,0.3083,0.3756,0.375,0.04,6,3,False,False
239,frame_0372.jpg,148.8,0.3058,0.4135,0.25,0.12,8,2,False,False
240,frame_0214.jpg,85.6,0.3053,0.3276,0.125,0.52,5,1,False,False
241,frame_0323.jpg,129.2,0.3018,0.4056,0.25,0.12,7,2,False,False
242,frame_0272.jpg,108.8,0.2994,0.4167,0.25,0.08,4,2,False,False
243,frame_0399.jpg,159.6,0.2992,0.4114,0.125,0.28,7,1,False,False
244,frame_0313.jpg,125.2,0.2905,0.415,0.25,0.04,4,2,False,False
245,frame_0382.jpg,152.8,0.2905,0.324,0.375,0.08,9,3,False,False
246,frame_0093.jpg,37.2,0.2879,0.3299,0.25,0.24,6,2,False,False
247,frame_0198.jpg,79.2,0.2725,0.3689,0.0,0.44,3,0,False,False
248,frame_0192.jpg,76.8,0.2617,0.3683,0.125,0.2,6,1,False,False
249,frame_0101.jpg,40.4,0.2561,0.3302,0.25,0.08,6,2,False,False
250,frame_0224.jpg,89.6,0.2299,0.4118,0.0,0.12,5,0,False,False
251,frame_0310.jpg,124.0,0.2172,0.3273,0.125,0.08,5,1,False,False
252,frame_0221.jpg,88.4,0.2156,0.2602,0.125,0.24,5,1,False,False
253,frame_0190.jpg,76.0,0.215,0.2321,0.25,0.12,6,2,False,False
254,frame_0217.jpg,86.8,0.2055,0.251,0.0,0.4,5,0,False,False
255,frame_0102.jpg,40.8,0.1739,0.2997,0.0,0.12,6,0,False,False
256,frame_0110.jpg,44.0,0.166,0.209,0.125,0.12,4,1,False,False
